id,first_name,last_name,email,gender,ip_address
1,Ange,Pettecrew,apettecrew0@netlog.com,Male,11.63.29.83
2,Amber,Mariyushkin,amariyushkin1@usgs.gov,Female,29.21.15.63
3,King,Belliss,kbelliss2@wunderground.com,Male,123.99.118.36
4,Lelah,Fearnyough,lfearnyough3@mozilla.com,Female,178.55.249.67
5,Berthe,Loding,bloding4@wikispaces.com,Female,218.241.0.225
6,Henri,Kerins,hkerins5@mapquest.com,Male,132.43.140.180
7,Rubina,Kynd,rkynd6@stanford.edu,Non-binary,162.22.219.72
8,Gaven,Eisold,geisold7@webmd.com,Male,8.150.243.21
9,Constantine,Godson,cgodson8@examiner.com,Male,178.79.3.10
10,Fergus,Marcoolyn,fmarcoolyn9@cmu.edu,Male,125.21.154.148
11,Ross,Colleck,rcollecka@nature.com,Male,38.213.251.132
12,Heather,Helix,hhelixb@naver.com,Female,53.4.30.42
13,Booth,Feragh,bferaghc@joomla.org,Male,31.83.147.102
14,Averyl,Tuddall,atuddalld@imdb.com,Female,235.222.38.252
15,Towny,Slisby,tslisbye@ezinearticles.com,Male,193.218.5.234
16,Christina,McSperron,cmcsperronf@creativecommons.org,Female,237.38.48.214
17,Tove,Key,tkeyg@mit.edu,Female,209.183.82.165
18,Saw,Crumbie,scrumbieh@statcounter.com,Male,243.14.206.144
19,Guinna,Petch,gpetchi@tripadvisor.com,Female,247.248.89.44
20,Caty,Musk,cmuskj@admin.ch,Female,176.219.152.172
21,Christi,Pallesen,cpallesenk@hexun.com,Female,228.137.31.23
22,Antonio,Enga,aengal@stumbleupon.com,Male,183.19.9.2
23,Emily,Pennacci,epennaccim@mac.com,Female,132.41.18.132
24,Wernher,Syce,wsycen@typepad.com,Male,210.160.84.186
25,Ashlan,Orum,aorumo@photobucket.com,Female,109.59.200.31
26,Shannah,Capon,scaponp@npr.org,Female,92.119.99.171
27,Margot,Fanning,mfanningq@marketwatch.com,Female,42.100.142.143
28,Loydie,O'Bruen,lobruenr@is.gd,Male,131.155.118.160
29,Vic,Cassley,vcassleys@economist.com,Male,26.247.119.185
30,Jacquelyn,Wardesworth,jwardeswortht@engadget.com,Female,14.130.27.153
31,Paxon,Gluyas,pgluyasu@slideshare.net,Male,249.226.197.134
32,Rhodie,Belfelt,rbelfeltv@washingtonpost.com,Female,227.83.254.234
33,Ava,Stamps,astampsw@godaddy.com,Female,240.138.131.10
34,Clayson,Scoates,cscoatesx@stanford.edu,Male,143.109.189.205
35,Fiann,Fadian,ffadiany@oaic.gov.au,Female,210.120.235.41
36,Brandise,Voff,bvoffz@forbes.com,Female,171.255.223.140
37,Koenraad,MacFall,kmacfall10@amazon.com,Male,22.172.94.178
38,Ted,Bradick,tbradick11@tiny.cc,Female,128.133.148.40
39,Titos,Thames,tthames12@usatoday.com,Male,109.143.220.93
40,Launce,Van Giffen,lvangiffen13@etsy.com,Male,104.218.26.85
41,Kary,Everex,keverex14@elegantthemes.com,Female,142.197.186.215
42,Rosella,Standish,rstandish15@hugedomains.com,Female,91.141.41.157
43,Simona,Ubsdell,subsdell16@unblog.fr,Female,109.86.199.93
44,Bonnie,Stilgo,bstilgo17@arizona.edu,Female,18.198.182.55
45,Roy,Freathy,rfreathy18@arstechnica.com,Agender,44.115.140.15
46,Marla,McNirlan,mmcnirlan19@sun.com,Female,157.25.139.142
47,Leigha,Kirwan,lkirwan1a@wikia.com,Female,215.108.47.152
48,Kalila,Normanville,knormanville1b@livejournal.com,Female,255.29.158.87
49,Moe,Whitlock,mwhitlock1c@nydailynews.com,Non-binary,111.120.113.146
50,Eugenia,Habbes,ehabbes1d@flickr.com,Female,23.202.156.140
51,Ty,Esslement,tesslement1e@cafepress.com,Male,3.84.189.18
52,Kylie,Wrist,kwrist1f@alibaba.com,Polygender,6.146.88.32
53,Gustaf,Gristock,ggristock1g@eepurl.com,Male,56.0.115.105
54,Roselle,Fawks,rfawks1h@sun.com,Female,170.34.158.215
55,Olly,Robilliard,orobilliard1i@nih.gov,Female,186.3.88.41
56,Annabel,Borborough,aborborough1j@va.gov,Female,108.179.14.81
57,Noach,Conley,nconley1k@amazon.co.uk,Male,138.55.181.218
58,Sibylle,Maleck,smaleck1l@deviantart.com,Female,221.54.228.15
59,Trenton,Khomich,tkhomich1m@hubpages.com,Male,216.248.77.186
60,Brit,Sandwick,bsandwick1n@europa.eu,Polygender,237.254.72.82
61,Menard,Digby,mdigby1o@webs.com,Genderqueer,75.67.140.66
62,Kayne,Luggar,kluggar1p@latimes.com,Male,30.118.182.173
63,Lyndell,Head,lhead1q@amazon.co.uk,Female,208.154.135.141
64,Ward,Gellibrand,wgellibrand1r@xinhuanet.com,Male,117.28.204.31
65,Sara,Layburn,slayburn1s@domainmarket.com,Female,245.52.208.111
66,Nobe,Staner,nstaner1t@wix.com,Male,227.8.122.164
67,Raimondo,Heatherington,rheatherington1u@a8.net,Male,22.114.218.73
68,Josie,Sausman,jsausman1v@whitehouse.gov,Female,246.224.137.174
69,Darbee,Sproat,dsproat1w@odnoklassniki.ru,Bigender,64.159.234.82
70,Verla,Tranckle,vtranckle1x@jugem.jp,Female,76.102.147.74
71,Gerhardt,Barrim,gbarrim1y@redcross.org,Bigender,200.62.9.44
72,Putnem,Lanchester,planchester1z@php.net,Male,188.93.86.246
73,Magdaia,Dransfield,mdransfield20@nytimes.com,Female,161.37.131.185
74,Gwenni,Pidgin,gpidgin21@wunderground.com,Non-binary,177.38.181.238
75,Tod,Gruby,tgruby22@paypal.com,Male,3.112.163.113
76,Jermaine,Lernihan,jlernihan23@yellowbook.com,Female,43.93.39.180
77,Andreas,Charopen,acharopen24@ehow.com,Male,187.173.188.217
78,Avie,Asel,aasel25@bloomberg.com,Female,210.139.112.4
79,Lynnelle,Sillitoe,lsillitoe26@zdnet.com,Female,221.127.37.25
80,Georgiana,Barti,gbarti27@foxnews.com,Female,147.178.28.8
81,Keelia,Lugden,klugden28@answers.com,Female,148.90.207.192
82,Chandra,Shemming,cshemming29@sitemeter.com,Polygender,71.39.156.96
83,Vevay,Gadney,vgadney2a@cnn.com,Female,243.178.209.234
84,Rustie,Sarchwell,rsarchwell2b@yandex.ru,Male,121.75.202.235
85,Thain,Longmore,tlongmore2c@cafepress.com,Male,78.67.63.139
86,Gilbertina,Pavolillo,gpavolillo2d@shinystat.com,Female,178.217.63.117
87,Huey,Alison,halison2e@state.tx.us,Male,6.174.64.62
88,Ingaborg,Preece,ipreece2f@blog.com,Female,83.96.30.201
89,Lindy,Bastick,lbastick2g@hostgator.com,Male,178.196.88.123
90,Noak,Kornel,nkornel2h@clickbank.net,Male,92.131.25.119
91,Fabian,Pietrusiak,fpietrusiak2i@blogs.com,Male,254.33.241.210
92,Benton,Billett,bbillett2j@yellowbook.com,Male,67.164.143.147
93,Bran,Kas,bkas2k@webnode.com,Male,106.77.27.236
94,Haily,Straun,hstraun2l@independent.co.uk,Female,11.223.15.69
95,Lemmy,Conrard,lconrard2m@sourceforge.net,Male,66.153.189.43
96,Buddy,Daulton,bdaulton2n@wufoo.com,Male,206.117.255.230
97,Freeman,Capstack,fcapstack2o@cmu.edu,Male,117.182.43.237
98,Sallie,Dimitriades,sdimitriades2p@ucoz.com,Female,112.9.145.210
99,Gianna,Elliss,gelliss2q@oaic.gov.au,Female,77.232.123.139
100,Bradford,Hairyes,bhairyes2r@ox.ac.uk,Male,20.226.115.140
101,Barbabas,Lambdean,blambdean2s@ifeng.com,Male,242.255.144.97
102,Goraud,Burgon,gburgon2t@t.co,Male,5.96.115.218
103,Bryanty,Skynner,bskynner2u@dailymail.co.uk,Male,139.109.134.125
104,Adara,Mancell,amancell2v@soup.io,Female,10.109.137.120
105,Cori,Sarvar,csarvar2w@vinaora.com,Female,240.212.136.156
106,Jason,Luesley,jluesley2x@myspace.com,Male,240.124.171.59
107,Kareem,Giordano,kgiordano2y@macromedia.com,Male,180.255.195.80
108,Cherri,Lamming,clamming2z@ning.com,Female,149.181.218.185
109,Janie,Dowsing,jdowsing30@diigo.com,Female,211.209.211.96
110,Farrand,McGrale,fmcgrale31@sourceforge.net,Female,250.22.164.23
111,Osborn,Ferretti,oferretti32@flavors.me,Male,65.166.4.193
112,Clerc,Poley,cpoley33@dell.com,Male,200.107.45.67
113,Kitti,Giriardelli,kgiriardelli34@chron.com,Bigender,120.212.228.37
114,Renaldo,Winkle,rwinkle35@cbsnews.com,Male,173.16.187.168
115,Daile,Abrams,dabrams36@dell.com,Female,129.141.50.223
116,Karmen,Sirmon,ksirmon37@biglobe.ne.jp,Female,2.160.172.92
117,Almeda,Bohlje,abohlje38@networkadvertising.org,Female,222.159.47.75
118,Tabbi,Bellsham,tbellsham39@artisteer.com,Female,219.12.203.172
119,Caleb,Steet,csteet3a@elegantthemes.com,Male,54.98.219.115
120,Michel,Arrowsmith,marrowsmith3b@opensource.org,Male,228.227.8.147
121,Peter,Paddington,ppaddington3c@mapquest.com,Polygender,186.13.236.117
122,Faun,Fookes,ffookes3d@shinystat.com,Female,60.164.178.81
123,Nancy,Blazhevich,nblazhevich3e@google.pl,Female,165.157.18.125
124,Ringo,Quincee,rquincee3f@umich.edu,Male,37.203.81.151
125,Tine,Fouracres,tfouracres3g@acquirethisname.com,Female,203.120.175.23
126,Tuckie,Woodroofe,twoodroofe3h@time.com,Male,69.10.150.110
127,Fanchette,Tollit,ftollit3i@rambler.ru,Female,249.27.75.201
128,Cleve,MacVean,cmacvean3j@imdb.com,Male,167.223.157.105
129,Dyane,Rogerson,drogerson3k@google.fr,Female,179.95.16.212
130,Lonny,McNickle,lmcnickle3l@buzzfeed.com,Male,249.81.142.185
131,Nancee,Blyth,nblyth3m@photobucket.com,Female,174.234.168.97
132,Ruthy,Gonnet,rgonnet3n@de.vu,Female,186.120.237.193
133,Joe,Weins,jweins3o@technorati.com,Polygender,126.249.150.203
134,Arron,Nuttall,anuttall3p@loc.gov,Male,193.114.207.109
135,Andre,Doole,adoole3q@people.com.cn,Male,84.50.203.233
136,Darin,Spriggen,dspriggen3r@photobucket.com,Male,126.245.172.142
137,Hobard,Costa,hcosta3s@cnbc.com,Male,232.82.39.25
138,Charita,Stuer,cstuer3t@mozilla.org,Female,219.46.179.214
139,Rycca,Tunesi,rtunesi3u@nature.com,Female,130.222.188.76
140,Jordanna,Josephov,jjosephov3v@rambler.ru,Female,154.43.190.126
141,Laurens,Piscotti,lpiscotti3w@delicious.com,Male,178.0.155.134
142,Idell,Paniman,ipaniman3x@walmart.com,Female,27.138.98.6
143,Tamas,Jedrzej,tjedrzej3y@mashable.com,Male,79.126.163.231
144,Zane,Kendell,zkendell3z@go.com,Male,93.207.139.4
145,Shell,Kitcher,skitcher40@arstechnica.com,Female,190.190.115.165
146,Cecelia,Gudeman,cgudeman41@taobao.com,Female,158.6.134.192
147,Eleanor,Mose,emose42@reference.com,Female,39.226.47.133
148,Corney,Kubal,ckubal43@theatlantic.com,Male,140.155.157.142
149,Siouxie,Kaplan,skaplan44@networksolutions.com,Polygender,128.253.253.225
150,Kristel,Boggas,kboggas45@hud.gov,Non-binary,122.249.246.154
151,Marv,Stockford,mstockford46@livejournal.com,Male,248.74.110.160
152,Rurik,Mowsdill,rmowsdill47@biblegateway.com,Male,87.131.148.161
153,Erl,Sarney,esarney48@fc2.com,Male,101.23.211.69
154,Silvio,Saltsberger,ssaltsberger49@google.com,Male,115.84.90.86
155,Brannon,Morsom,bmorsom4a@hibu.com,Male,131.29.177.137
156,Geoffrey,Carnell,gcarnell4b@google.com.br,Non-binary,116.139.64.224
157,Mathe,McLagan,mmclagan4c@pbs.org,Male,239.135.13.95
158,Druci,Vise,dvise4d@state.tx.us,Female,232.120.210.238
159,Dag,Trudgian,dtrudgian4e@wix.com,Male,58.150.48.150
160,Dewain,Akram,dakram4f@nhs.uk,Male,224.157.7.38
161,Bendix,Verty,bverty4g@google.it,Male,51.145.130.81
162,Ezechiel,Hallgate,ehallgate4h@surveymonkey.com,Male,152.165.168.165
163,Ertha,L'Episcopi,elepiscopi4i@dedecms.com,Female,119.100.91.110
164,Gery,Wheatland,gwheatland4j@google.de,Male,218.55.72.74
165,Jack,Linay,jlinay4k@rambler.ru,Male,181.231.203.147
166,Edi,Karchewski,ekarchewski4l@scientificamerican.com,Polygender,99.0.10.70
167,Innis,Madelin,imadelin4m@purevolume.com,Male,41.76.128.238
168,Clyde,Chatwin,cchatwin4n@state.tx.us,Male,236.139.0.62
169,Georgi,Itzcovich,gitzcovich4o@ucoz.ru,Male,124.161.214.148
170,Nelle,Thorndale,nthorndale4p@webs.com,Female,79.19.127.195
171,Marika,Chotty,mchotty4q@google.co.jp,Female,107.242.103.225
172,Agata,Legendre,alegendre4r@netvibes.com,Female,254.43.205.185
173,Keenan,McCarron,kmccarron4s@imdb.com,Male,207.81.123.92
174,Rica,Daunter,rdaunter4t@intel.com,Female,67.107.104.250
175,Eward,Barwick,ebarwick4u@storify.com,Male,118.179.238.65
176,Wilona,Godar,wgodar4v@imageshack.us,Female,198.136.183.22
177,Raff,Attryde,rattryde4w@myspace.com,Male,205.67.169.182
178,Brett,Baser,bbaser4x@desdev.cn,Female,91.86.50.90
179,Carola,Bridgwood,cbridgwood4y@un.org,Female,216.57.167.86
180,Uri,Veel,uveel4z@sogou.com,Male,234.55.232.80
181,Megen,Haill,mhaill50@cloudflare.com,Female,196.117.176.149
182,Kellsie,Dellatorre,kdellatorre51@ed.gov,Female,168.84.131.132
183,Bartholomeus,Dobney,bdobney52@state.gov,Male,58.231.16.188
184,Obediah,Aristide,oaristide53@purevolume.com,Male,25.71.185.31
185,Udale,Kermode,ukermode54@sina.com.cn,Male,126.179.171.166
186,Lynne,Bratt,lbratt55@vk.com,Female,237.249.21.137
187,Phillipe,Wingfield,pwingfield56@go.com,Male,16.213.87.67
188,Pollyanna,Snoday,psnoday57@wp.com,Female,212.65.155.90
189,Tybi,Hatherley,thatherley58@nature.com,Female,1.23.131.69
190,Damon,Spittall,dspittall59@last.fm,Male,84.75.161.203
191,Jorrie,Fowell,jfowell5a@huffingtonpost.com,Female,99.250.205.255
192,Bette-ann,Percifer,bpercifer5b@goo.ne.jp,Female,209.218.103.56
193,Rozella,Clissett,rclissett5c@vinaora.com,Female,42.238.88.229
194,Beckie,Uzielli,buzielli5d@aboutads.info,Female,205.221.47.238
195,Drucy,Pesselt,dpesselt5e@springer.com,Female,5.171.204.214
196,Giacinta,Mattheis,gmattheis5f@acquirethisname.com,Female,194.174.180.169
197,Tiebold,Petri,tpetri5g@netlog.com,Male,66.185.50.99
198,Ivan,Gommery,igommery5h@storify.com,Male,169.133.35.215
199,Ham,Igonet,higonet5i@google.nl,Male,231.219.26.183
200,Witty,Grimolbie,wgrimolbie5j@discuz.net,Genderqueer,58.189.239.6
201,Lyn,Bryning,lbryning5k@baidu.com,Female,161.253.70.20
202,Brod,Eldin,beldin5l@hugedomains.com,Male,30.222.27.136
203,Christin,Lilbourne,clilbourne5m@shinystat.com,Female,74.38.161.41
204,Alexandre,O'Lennachain,aolennachain5n@who.int,Male,195.40.249.204
205,Ford,Witsey,fwitsey5o@google.ca,Male,186.199.243.120
206,Giusto,Bennen,gbennen5p@uiuc.edu,Male,129.122.249.98
207,Maddalena,Gerger,mgerger5q@live.com,Female,151.4.60.232
208,Ora,Tunstall,otunstall5r@bbb.org,Female,52.101.185.164
209,Thaine,Fullylove,tfullylove5s@army.mil,Male,169.78.222.249
210,Bethina,Charon,bcharon5t@lycos.com,Female,217.168.236.117
211,Korry,Charteris,kcharteris5u@arstechnica.com,Female,213.154.150.24
212,Raddie,Perris,rperris5v@rambler.ru,Male,166.232.132.32
213,Lorelle,Kemp,lkemp5w@elegantthemes.com,Female,241.45.191.230
214,Olin,Von Brook,ovonbrook5x@omniture.com,Male,82.240.224.230
215,Jilly,Oxbrough,joxbrough5y@alexa.com,Female,89.24.249.147
216,Padgett,Hayen,phayen5z@imdb.com,Male,224.248.180.130
217,Nil,Colam,ncolam60@amazon.com,Male,170.140.121.78
218,Ber,Willmer,bwillmer61@vkontakte.ru,Male,57.43.253.104
219,Ambrosi,Clouter,aclouter62@photobucket.com,Male,22.57.184.51
220,Serge,Pleaden,spleaden63@rediff.com,Male,80.181.47.150
221,Araldo,Brunnen,abrunnen64@mtv.com,Male,35.96.33.0
222,Garfield,Vittle,gvittle65@dion.ne.jp,Male,179.3.213.194
223,Nixie,Birden,nbirden66@discovery.com,Female,51.145.187.59
224,Gertrudis,Kitchenman,gkitchenman67@spotify.com,Female,100.154.12.73
225,Patricio,McGrann,pmcgrann68@hp.com,Male,228.139.37.217
226,Slade,Schechter,sschechter69@lycos.com,Male,10.99.160.168
227,Van,Gilcrist,vgilcrist6a@google.fr,Male,101.113.226.220
228,Mandi,Hanscomb,mhanscomb6b@1und1.de,Female,56.144.236.246
229,Katharyn,Cappineer,kcappineer6c@hibu.com,Polygender,108.195.236.64
230,Estelle,Pullan,epullan6d@naver.com,Female,217.4.132.127
231,Jess,Dallemore,jdallemore6e@squarespace.com,Female,62.30.193.142
232,Zed,Theunissen,ztheunissen6f@over-blog.com,Male,148.167.124.182
233,Inessa,Noades,inoades6g@360.cn,Female,214.155.63.174
234,Antonio,Kwiek,akwiek6h@friendfeed.com,Male,4.105.108.114
235,Robinette,Domegan,rdomegan6i@technorati.com,Genderqueer,163.71.243.250
236,Frasier,Jorgensen,fjorgensen6j@wiley.com,Male,208.241.62.166
237,Breena,Sievewright,bsievewright6k@xing.com,Female,41.125.31.94
238,Nelie,Edmed,nedmed6l@fc2.com,Female,148.84.32.15
239,Kimmy,Navarro,knavarro6m@sogou.com,Female,188.195.99.205
240,Betty,Worcester,bworcester6n@ted.com,Female,237.196.147.7
241,Brandie,Lyes,blyes6o@aol.com,Female,140.151.233.228
242,Heinrick,Mabley,hmabley6p@google.pl,Male,151.162.59.84
243,Ilyse,Ghirigori,ighirigori6q@elegantthemes.com,Female,174.198.83.5
244,Pierette,Barkaway,pbarkaway6r@typepad.com,Female,147.207.73.198
245,Matthew,Stollman,mstollman6s@ibm.com,Male,48.179.192.216
246,Matty,Marmyon,mmarmyon6t@flavors.me,Male,105.207.49.229
247,Madelene,Lubbock,mlubbock6u@theatlantic.com,Female,77.28.64.225
248,Friedrick,Warfield,fwarfield6v@archive.org,Male,65.176.55.55
249,Miranda,Ingilson,mingilson6w@goo.ne.jp,Female,102.157.25.2
250,Eddie,Kment,ekment6x@nih.gov,Female,174.4.8.113
251,Ros,Calton,rcalton6y@technorati.com,Female,12.209.65.104
252,Miguelita,Petters,mpetters6z@wunderground.com,Non-binary,12.255.28.236
253,Flynn,Rosander,frosander70@miibeian.gov.cn,Male,36.154.4.92
254,Flory,Killelay,fkillelay71@sakura.ne.jp,Male,171.213.40.101
255,Lev,Skirving,lskirving72@vk.com,Male,102.161.91.145
256,Dean,Roxbee,droxbee73@sfgate.com,Male,145.74.16.15
257,Kevon,Janic,kjanic74@histats.com,Male,110.77.53.253
258,Flinn,Allewell,fallewell75@geocities.jp,Male,164.120.252.64
259,Cornell,Copelli,ccopelli76@tinypic.com,Male,7.252.199.109
260,Donica,Duplan,dduplan77@usa.gov,Female,123.67.76.119
261,Teri,Hazelden,thazelden78@etsy.com,Female,159.161.124.207
262,Sully,Cantero,scantero79@nbcnews.com,Male,207.203.229.196
263,Alexio,Rattery,arattery7a@cmu.edu,Male,187.140.49.238
264,Lanie,Rickesies,lrickesies7b@washington.edu,Female,138.207.74.145
265,Chiquita,Andrusyak,candrusyak7c@bigcartel.com,Female,68.104.43.238
266,Renard,Crevagh,rcrevagh7d@auda.org.au,Male,42.99.222.252
267,Harbert,Edrich,hedrich7e@wordpress.com,Male,19.171.239.112
268,Katina,Worlock,kworlock7f@intel.com,Female,31.80.0.185
269,Koenraad,Schwant,kschwant7g@europa.eu,Male,101.206.1.38
270,Tadeas,Gillion,tgillion7h@europa.eu,Male,94.217.194.65
271,Tamiko,Powdrell,tpowdrell7i@w3.org,Female,53.112.234.130
272,Mick,Kares,mkares7j@elpais.com,Male,238.93.104.8
273,Alessandra,Klehn,aklehn7k@prnewswire.com,Female,139.64.163.220
274,Brod,Casserly,bcasserly7l@cbc.ca,Male,162.129.69.103
275,Beatrice,Aldcorne,baldcorne7m@cnn.com,Female,80.48.52.96
276,Shara,Marrows,smarrows7n@yellowpages.com,Female,125.30.238.173
277,Flory,Schonfeld,fschonfeld7o@barnesandnoble.com,Genderqueer,28.27.168.1
278,Ruggiero,Pautard,rpautard7p@vk.com,Genderfluid,188.59.29.129
279,Sergent,Mixter,smixter7q@msn.com,Male,152.21.48.177
280,Celene,Wagenen,cwagenen7r@cpanel.net,Female,104.164.183.242
281,Billie,Rosellini,brosellini7s@chronoengine.com,Female,12.38.84.206
282,Alexi,Stackbridge,astackbridge7t@ifeng.com,Female,43.246.169.92
283,Norah,Stredwick,nstredwick7u@addthis.com,Female,71.245.70.196
284,Teddy,Pietruszka,tpietruszka7v@free.fr,Female,57.9.124.42
285,Winnah,Kilner,wkilner7w@biblegateway.com,Female,126.59.156.105
286,Myrtie,Lamminam,mlamminam7x@senate.gov,Female,73.58.10.138
287,Sharron,Treswell,streswell7y@networkadvertising.org,Female,58.152.38.108
288,Brigit,Overstone,boverstone7z@shutterfly.com,Female,212.17.182.182
289,Gian,Hedin,ghedin80@webnode.com,Genderqueer,33.131.84.249
290,Juliane,Franses,jfranses81@oakley.com,Female,100.194.36.223
291,Roland,Garlett,rgarlett82@guardian.co.uk,Male,190.127.166.10
292,Sutherland,De Lorenzo,sdelorenzo83@bbc.co.uk,Male,68.42.24.135
293,Milli,Meegin,mmeegin84@etsy.com,Female,222.143.251.32
294,Killian,Sach,ksach85@shop-pro.jp,Male,75.243.161.254
295,Alaric,Penn,apenn86@unesco.org,Male,180.62.247.123
296,Betsey,Warin,bwarin87@etsy.com,Female,211.81.43.236
297,Floris,Van Dalen,fvandalen88@yahoo.co.jp,Female,68.214.74.80
298,Waite,Zecchinelli,wzecchinelli89@wp.com,Male,55.239.167.62
299,Rufus,Bampkin,rbampkin8a@drupal.org,Male,238.239.80.19
300,Earle,Pordal,epordal8b@hibu.com,Male,247.250.248.222
301,Liesa,Lorie,llorie8c@jiathis.com,Female,137.153.249.3
302,Morly,Coton,mcoton8d@bloomberg.com,Male,32.72.188.33
303,Laurene,Kilfether,lkilfether8e@rambler.ru,Female,209.34.23.97
304,Arlena,Toope,atoope8f@wisc.edu,Female,229.229.147.59
305,Rosco,Mulhill,rmulhill8g@artisteer.com,Male,62.27.193.13
306,Moselle,Broadis,mbroadis8h@eventbrite.com,Female,226.151.2.221
307,Rhea,Count,rcount8i@deviantart.com,Female,197.242.81.109
308,Diana,Casoni,dcasoni8j@comcast.net,Female,164.209.85.89
309,Cosmo,Matushevich,cmatushevich8k@typepad.com,Male,76.60.172.74
310,Tremaine,Sheal,tsheal8l@google.ca,Male,90.238.88.149
311,Cammy,Gass,cgass8m@51.la,Female,59.155.148.212
312,Lauritz,Mushrow,lmushrow8n@nature.com,Male,68.44.180.233
313,Kristal,Sommerville,ksommerville8o@tripod.com,Female,183.250.161.241
314,Hartwell,Corragan,hcorragan8p@vk.com,Male,126.254.241.107
315,Quincy,Boud,qboud8q@meetup.com,Genderfluid,216.230.104.235
316,Horatius,Oland,holand8r@nationalgeographic.com,Male,106.180.15.223
317,Jyoti,McBean,jmcbean8s@baidu.com,Female,186.14.155.167
318,Wendeline,Phipson,wphipson8t@diigo.com,Female,244.70.40.159
319,Gawen,Hardan,ghardan8u@hud.gov,Male,87.69.193.200
320,Bridget,Kilmurray,bkilmurray8v@loc.gov,Female,247.226.204.88
321,Sheridan,Debney,sdebney8w@house.gov,Male,88.244.20.192
322,Ryann,Brocklebank,rbrocklebank8x@youtube.com,Female,168.105.245.211
323,Perle,Daglish,pdaglish8y@sina.com.cn,Female,58.7.206.46
324,Gabriella,Ales,gales8z@e-recht24.de,Female,30.197.19.36
325,Craggie,Matis,cmatis90@youtu.be,Male,242.181.46.247
326,Ranna,Lippard,rlippard91@boston.com,Female,60.248.37.185
327,Wyatan,Revett,wrevett92@msu.edu,Male,73.136.119.71
328,Truman,Blanden,tblanden93@biblegateway.com,Male,132.150.119.74
329,Gage,Kimbell,gkimbell94@si.edu,Male,83.4.83.94
330,Stephannie,Rilston,srilston95@desdev.cn,Female,208.178.195.80
331,Sena,Sugar,ssugar96@google.de,Female,78.219.104.14
332,Salvador,Zannelli,szannelli97@123-reg.co.uk,Male,2.170.138.17
333,Devland,Doohey,ddoohey98@washington.edu,Male,221.211.101.186
334,Devy,Vermer,dvermer99@npr.org,Genderqueer,169.147.246.212
335,Danit,Solomonides,dsolomonides9a@facebook.com,Female,185.162.41.191
336,Ignace,Rape,irape9b@mozilla.com,Male,245.70.218.177
337,Garrott,Brisson,gbrisson9c@businessinsider.com,Male,7.119.232.125
338,Marlow,Bradman,mbradman9d@cbslocal.com,Male,17.213.123.84
339,Hynda,Holdin,hholdin9e@wikimedia.org,Female,227.9.154.138
340,Sabra,Gotcher,sgotcher9f@google.com,Female,120.215.200.206
341,Ford,McKeever,fmckeever9g@washington.edu,Bigender,156.199.249.18
342,Hamlen,McMyler,hmcmyler9h@shop-pro.jp,Male,52.123.32.172
343,Lorette,Faircloth,lfaircloth9i@redcross.org,Bigender,77.234.177.82
344,Brandi,Salomon,bsalomon9j@xinhuanet.com,Female,27.10.60.29
345,Lynelle,Sollam,lsollam9k@pinterest.com,Female,146.145.187.71
346,Teodor,Bleasdale,tbleasdale9l@dedecms.com,Male,238.206.248.100
347,Esra,Ash,eash9m@wikia.com,Male,73.199.214.117
348,Bernadene,Noweak,bnoweak9n@twitter.com,Female,164.165.9.232
349,Radcliffe,Fessler,rfessler9o@csmonitor.com,Male,210.97.108.3
350,Kessia,O' Connell,koconnell9p@4shared.com,Female,68.105.191.229
351,Henry,Kupec,hkupec9q@arizona.edu,Male,0.66.244.179
352,Issy,Bertlin,ibertlin9r@baidu.com,Female,27.133.100.152
353,Haze,Graith,hgraith9s@fastcompany.com,Male,22.212.55.51
354,Louise,Kyme,lkyme9t@reddit.com,Female,53.137.71.205
355,Carly,Higbin,chigbin9u@newyorker.com,Female,127.130.172.205
356,Gerladina,MacAndreis,gmacandreis9v@chronoengine.com,Female,177.230.110.119
357,Nanete,Greenhalf,ngreenhalf9w@mit.edu,Female,157.174.100.173
358,Ignacius,Canfer,icanfer9x@latimes.com,Male,204.154.122.237
359,Marc,Maddrell,mmaddrell9y@reverbnation.com,Male,35.251.166.164
360,Gawain,Grishukhin,ggrishukhin9z@harvard.edu,Male,190.16.232.228
361,Nobe,Bertolaccini,nbertolaccinia0@theguardian.com,Male,68.144.221.208
362,Doug,Gussie,dgussiea1@zimbio.com,Male,38.152.222.242
363,Elle,Harrold,eharrolda2@github.com,Female,48.37.132.227
364,Thacher,Pyford,tpyforda3@businessinsider.com,Polygender,131.233.220.250
365,Glennis,Fergie,gfergiea4@imageshack.us,Female,222.88.71.165
366,Isidro,Creak,icreaka5@dropbox.com,Male,33.149.230.229
367,Carmine,Beckingham,cbeckinghama6@yellowpages.com,Male,74.203.168.45
368,Daphne,Christy,dchristya7@spotify.com,Bigender,249.201.154.245
369,Virgina,Dignam,vdignama8@mozilla.org,Female,196.62.149.212
370,Benedikt,Everitt,beveritta9@ucoz.ru,Male,201.143.84.89
371,Garrott,Allabush,gallabushaa@unesco.org,Male,248.116.120.138
372,Jarvis,Stelfox,jstelfoxab@godaddy.com,Male,49.216.60.123
373,Danyelle,Lothlorien,dlothlorienac@ftc.gov,Female,171.238.244.149
374,Amara,Harris,aharrisad@etsy.com,Female,40.221.7.186
375,Sisile,Tesimon,stesimonae@jigsy.com,Female,208.6.20.171
376,Karoline,Saltman,ksaltmanaf@privacy.gov.au,Female,248.69.90.56
377,Keane,Startin,kstartinag@wikimedia.org,Male,115.242.189.164
378,Orrin,Balden,obaldenah@t.co,Male,4.187.113.28
379,Gunilla,O'Scollee,goscolleeai@mysql.com,Non-binary,167.161.46.113
380,Radcliffe,Plesing,rplesingaj@facebook.com,Male,73.25.134.174
381,Norean,O' Hern,nohernak@hc360.com,Female,173.93.255.78
382,Fanya,Leipold,fleipoldal@miibeian.gov.cn,Female,68.1.254.238
383,Caesar,MacDearmid,cmacdearmidam@reference.com,Male,227.122.199.234
384,Zared,Kubanek,zkubanekan@comcast.net,Male,128.54.14.159
385,Tanney,Stuckes,tstuckesao@dell.com,Male,92.130.36.143
386,Eugene,Crickett,ecrickettap@1688.com,Male,20.187.133.59
387,Marina,Chadwell,mchadwellaq@biglobe.ne.jp,Agender,251.17.84.135
388,Kerwin,Beldon,kbeldonar@slideshare.net,Male,149.107.100.67
389,Melicent,Behrend,mbehrendas@fastcompany.com,Female,227.41.108.206
390,Thomasine,Kilgrove,tkilgroveat@cisco.com,Female,152.246.92.51
391,Luciana,Crunkhurn,lcrunkhurnau@kickstarter.com,Female,36.43.235.172
392,Storm,Copo,scopoav@pinterest.com,Female,16.12.4.234
393,Con,Tather,ctatheraw@behance.net,Male,253.136.4.58
394,Stirling,Janisson,sjanissonax@google.com.br,Male,70.168.106.244
395,Johnathan,Rowett,jrowettay@edublogs.org,Agender,12.21.133.233
396,Ronalda,De Giorgis,rdegiorgisaz@privacy.gov.au,Female,196.149.99.152
397,Hogan,Woollett,hwoollettb0@sogou.com,Male,9.171.19.107
398,Erma,Kern,ekernb1@reverbnation.com,Agender,112.124.96.216
399,Lion,Balcon,lbalconb2@sina.com.cn,Male,198.117.244.124
400,Elbert,Clampton,eclamptonb3@shinystat.com,Male,121.219.51.193
401,Gabie,Pesic,gpesicb4@who.int,Male,73.29.164.224
402,Chevy,Rawstorn,crawstornb5@behance.net,Male,76.143.199.129
403,Allistir,Wones,awonesb6@live.com,Male,31.242.148.58
404,Adara,Darrell,adarrellb7@time.com,Female,78.86.129.172
405,Forrest,Stetson,fstetsonb8@github.io,Male,75.130.220.48
406,Wilmar,Rothermel,wrothermelb9@imdb.com,Male,94.119.13.150
407,Juditha,Mullett,jmullettba@vk.com,Polygender,68.139.231.84
408,Granny,Celli,gcellibb@ning.com,Polygender,147.136.57.35
409,Nikaniki,Burchmore,nburchmorebc@plala.or.jp,Female,53.10.8.229
410,Feliks,McGlone,fmcglonebd@devhub.com,Male,242.170.132.157
411,Brandtr,Plank,bplankbe@rakuten.co.jp,Male,242.1.24.142
412,Alvy,Fortoun,afortounbf@naver.com,Male,178.255.62.129
413,Benetta,Cappell,bcappellbg@dot.gov,Female,208.76.43.224
414,Valida,MacAndreis,vmacandreisbh@e-recht24.de,Female,0.17.194.32
415,Willis,Massimo,wmassimobi@issuu.com,Genderqueer,210.139.160.194
416,Colan,Penney,cpenneybj@rakuten.co.jp,Male,248.143.97.2
417,Kacie,Logg,kloggbk@goo.ne.jp,Female,13.62.15.207
418,Grier,Antat,gantatbl@home.pl,Female,166.23.171.198
419,Berkie,Bert,bbertbm@buzzfeed.com,Male,115.242.52.252
420,Che,Rohan,crohanbn@dell.com,Male,255.35.149.250
421,Rudolfo,Coggles,rcogglesbo@blogger.com,Male,232.231.217.103
422,Valli,Shapira,vshapirabp@cam.ac.uk,Female,222.68.181.205
423,Ginni,Aiton,gaitonbq@europa.eu,Female,169.173.202.202
424,Merci,Kennally,mkennallybr@so-net.ne.jp,Bigender,226.69.252.177
425,Lannie,Steely,lsteelybs@sitemeter.com,Male,103.222.63.84
426,Phebe,Druitt,pdruittbt@joomla.org,Female,141.218.50.189
427,Vinny,McKaile,vmckailebu@java.com,Genderqueer,62.65.250.236
428,Ingar,Brastead,ibrasteadbv@europa.eu,Male,222.15.153.220
429,Ludovico,Dailey,ldaileybw@wiley.com,Male,156.38.220.63
430,Stacy,Gascone,sgasconebx@japanpost.jp,Male,41.217.149.195
431,Jean,Fawcett,jfawcettby@columbia.edu,Male,36.252.99.86
432,Jarret,Fuggles,jfugglesbz@furl.net,Male,130.98.100.172
433,Lothaire,Girtin,lgirtinc0@google.com.au,Male,124.121.17.94
434,Xenos,Beachem,xbeachemc1@netscape.com,Male,11.219.194.62
435,Renado,Esposita,respositac2@harvard.edu,Male,111.47.14.178
436,Urbain,Brackenridge,ubrackenridgec3@msu.edu,Male,61.177.143.137
437,Haley,Blaydes,hblaydesc4@fotki.com,Male,60.48.163.217
438,Costa,Mallebone,cmallebonec5@cloudflare.com,Male,190.32.142.105
439,Jeni,Gors,jgorsc6@telegraph.co.uk,Female,202.232.124.45
440,Jolyn,Rapport,jrapportc7@latimes.com,Female,139.33.186.89
441,Binky,Henrichsen,bhenrichsenc8@omniture.com,Male,33.224.46.231
442,Bord,Taffee,btaffeec9@smugmug.com,Male,255.147.154.41
443,Anabella,O'Regan,aoreganca@mac.com,Female,59.17.189.167
444,Charmaine,Focke,cfockecb@si.edu,Female,4.75.86.225
445,Lonna,Broster,lbrostercc@ucsd.edu,Female,227.199.244.43
446,Chanda,Gemnett,cgemnettcd@google.com,Female,63.250.165.52
447,Micheline,Della,mdellace@tmall.com,Female,184.253.163.51
448,Kelsey,Ayto,kaytocf@joomla.org,Female,166.19.40.173
449,Christian,Sapshed,csapshedcg@moonfruit.com,Genderfluid,121.36.27.183
450,Mortie,Olford,molfordch@over-blog.com,Male,67.180.39.38
451,Christel,Stolte,cstolteci@amazonaws.com,Female,46.158.35.204
452,Silvanus,Trayte,straytecj@delicious.com,Male,125.193.136.101
453,Baird,Valentin,bvalentinck@businessweek.com,Male,157.189.88.205
454,Rob,Gowdy,rgowdycl@tumblr.com,Male,44.67.192.219
455,Adolpho,Micheu,amicheucm@pcworld.com,Male,43.164.144.7
456,Artemis,Gland,aglandcn@foxnews.com,Male,182.217.134.100
457,Alphard,Southernwood,asouthernwoodco@chronoengine.com,Male,219.41.88.253
458,Camella,Tettersell,ctettersellcp@bigcartel.com,Female,216.187.246.52
459,Teddy,Witherbed,twitherbedcq@netlog.com,Female,13.95.51.122
460,Bailey,Osler,boslercr@washingtonpost.com,Genderqueer,186.27.90.169
461,Temp,Rawlins,trawlinscs@shop-pro.jp,Male,144.209.213.243
462,Hamnet,Willimott,hwillimottct@w3.org,Male,166.158.170.31
463,Larina,Doring,ldoringcu@hhs.gov,Female,220.251.12.192
464,Even,Poulsom,epoulsomcv@newyorker.com,Male,66.153.111.143
465,Grace,Gossipin,ggossipincw@ehow.com,Female,158.54.146.62
466,Avrom,Lang,alangcx@dmoz.org,Male,254.79.154.121
467,Gerta,Yurkiewicz,gyurkiewiczcy@so-net.ne.jp,Female,229.209.222.142
468,Camila,Oguz,coguzcz@dedecms.com,Female,83.231.198.255
469,Vale,Clyne,vclyned0@arstechnica.com,Female,62.135.44.206
470,Sherri,Thing,sthingd1@wikimedia.org,Female,134.232.97.116
471,Cloris,Yukhnin,cyukhnind2@soup.io,Agender,93.17.212.39
472,Giacobo,Woodstock,gwoodstockd3@cisco.com,Male,115.136.157.120
473,Amii,Domenge,adomenged4@dagondesign.com,Female,126.128.80.233
474,Cob,Woollard,cwoollardd5@tripod.com,Male,225.146.42.21
475,Tiphany,Hernik,thernikd6@baidu.com,Female,169.133.36.19
476,Ainslee,Draco,adracod7@aboutads.info,Female,21.202.64.92
477,Bailie,Eginton,begintond8@about.com,Agender,158.245.217.36
478,Dory,Matevosian,dmatevosiand9@biblegateway.com,Female,46.20.79.84
479,Marisa,Mattityahou,mmattityahouda@apache.org,Female,147.70.132.218
480,Brandon,Carrane,bcarranedb@archive.org,Male,75.107.74.102
481,Parke,Fairfoot,pfairfootdc@fema.gov,Male,192.241.210.90
482,Geoffrey,Cogdon,gcogdondd@blogtalkradio.com,Male,155.183.254.150
483,Florentia,Aitchinson,faitchinsonde@usa.gov,Female,162.60.134.138
484,Almira,Cultcheth,acultchethdf@tinypic.com,Female,24.220.14.149
485,Hazel,Gotliffe,hgotliffedg@geocities.jp,Male,155.250.230.195
486,Cacilia,O'Dowgaine,codowgainedh@wufoo.com,Female,187.165.220.163
487,Gianni,Reston,grestondi@techcrunch.com,Non-binary,99.218.73.190
488,Lorinda,Candy,lcandydj@flavors.me,Female,169.62.1.133
489,Virgie,Barnewelle,vbarnewelledk@github.com,Male,167.216.113.87
490,Caprice,Claire,cclairedl@fc2.com,Female,206.35.98.143
491,Ede,Kindle,ekindledm@howstuffworks.com,Female,16.31.139.27
492,Ashia,Hulbert,ahulbertdn@seesaa.net,Female,194.100.124.21
493,Giusto,Basden,gbasdendo@tripadvisor.com,Male,201.156.122.55
494,Wynnie,Franiak,wfraniakdp@feedburner.com,Female,71.132.95.28
495,Bryn,Dodson,bdodsondq@gnu.org,Bigender,234.93.157.6
496,Egan,Wilcott,ewilcottdr@intel.com,Male,112.46.136.50
497,Cherianne,Rakestraw,crakestrawds@earthlink.net,Female,233.123.58.5
498,Boonie,Keates,bkeatesdt@i2i.jp,Male,20.241.95.33
499,Mella,Matignon,mmatignondu@sciencedirect.com,Female,9.98.206.240
500,David,Peniello,dpeniellodv@mapy.cz,Male,31.42.47.243
501,Melony,Manwell,mmanwelldw@bloglovin.com,Female,16.232.71.203
502,Elias,Tregido,etregidodx@skype.com,Non-binary,135.55.230.97
503,Caldwell,Jenne,cjennedy@paginegialle.it,Male,57.106.217.57
504,Neille,Matis,nmatisdz@bloglines.com,Female,109.6.65.24
505,Vanya,Croxton,vcroxtone0@tinyurl.com,Male,128.212.66.226
506,Marnie,Titherington,mtitheringtone1@last.fm,Female,77.131.112.119
507,Lin,Bifield,lbifielde2@ucsd.edu,Female,176.194.66.19
508,Pammie,Prestage,pprestagee3@weibo.com,Female,140.56.194.22
509,Giavani,Lewens,glewense4@angelfire.com,Male,125.130.192.200
510,Kearney,Sansun,ksansune5@multiply.com,Male,141.135.182.251
511,Marvin,Andreix,mandreixe6@goo.ne.jp,Male,104.245.203.177
512,Allard,Martschik,amartschike7@netlog.com,Male,29.176.45.233
513,Darla,Boutellier,dboutelliere8@wordpress.com,Female,80.47.205.69
514,Justis,O'Connel,joconnele9@archive.org,Male,246.49.67.79
515,Anjanette,Frangleton,afrangletonea@netvibes.com,Female,151.223.9.104
516,Phillipp,Gutridge,pgutridgeeb@cornell.edu,Male,177.63.252.208
517,Brittani,Champniss,bchampnissec@g.co,Female,37.24.215.104
518,Marlyn,Glass,mglassed@hao123.com,Female,207.162.118.170
519,Ettore,Shrubshall,eshrubshallee@oaic.gov.au,Male,153.237.111.243
520,Lucas,Bodle,lbodleef@google.com.hk,Male,249.167.48.73
521,Karl,Barbie,kbarbieeg@columbia.edu,Male,34.161.181.161
522,Tabby,Mochar,tmochareh@census.gov,Female,205.35.243.230
523,Bone,Ballsdon,bballsdonei@vimeo.com,Male,5.25.248.236
524,Travers,Curmi,tcurmiej@delicious.com,Male,136.180.27.29
525,Emmye,Ever,eeverek@narod.ru,Female,4.208.204.183
526,Jillayne,Haggarth,jhaggarthel@behance.net,Female,102.36.35.5
527,Giuseppe,Dunne,gdunneem@nbcnews.com,Male,115.65.252.209
528,Germaine,Potebury,gpoteburyen@walmart.com,Male,247.156.249.140
529,Bee,Kerswell,bkerswelleo@europa.eu,Female,108.25.247.120
530,Anallise,Naris,anarisep@nsw.gov.au,Female,71.62.234.1
531,Tucky,Gabbatiss,tgabbatisseq@omniture.com,Male,230.96.169.23
532,Huntlee,Demangeot,hdemangeoter@mlb.com,Male,41.115.113.230
533,Ali,Sjollema,asjollemaes@theglobeandmail.com,Non-binary,29.20.31.78
534,Enriqueta,Oscroft,eoscroftet@mail.ru,Female,234.62.139.131
535,Giles,Staneland,gstanelandeu@independent.co.uk,Male,19.214.19.100
536,Eva,Falconer-Taylor,efalconertaylorev@google.it,Female,184.224.58.59
537,Adriana,Feldon,afeldonew@sciencedaily.com,Female,183.72.203.48
538,Daron,Finlator,dfinlatorex@furl.net,Female,160.178.102.154
539,Benjy,Charkham,bcharkhamey@goodreads.com,Male,81.1.3.37
540,Alfy,Do Rosario,adorosarioez@bandcamp.com,Female,87.62.244.143
541,Olia,Blaber,oblaberf0@tmall.com,Female,163.108.27.44
542,Noami,O'Hartigan,nohartiganf1@google.fr,Female,19.216.95.210
543,Dulcy,Cotte,dcottef2@nps.gov,Female,202.171.26.84
544,Sela,Tucsell,stucsellf3@squarespace.com,Female,241.226.25.190
545,Bianca,Dundon,bdundonf4@yandex.ru,Female,118.159.144.120
546,Leola,Gronno,lgronnof5@yelp.com,Female,105.56.252.106
547,Fowler,Ghidini,fghidinif6@hhs.gov,Male,122.137.83.124
548,Louella,Edelman,ledelmanf7@chronoengine.com,Female,187.133.236.26
549,Thorin,Petracci,tpetraccif8@narod.ru,Male,122.140.62.89
550,Sylvester,Hlavac,shlavacf9@tripadvisor.com,Male,53.39.43.84
551,Kristoffer,Grinsted,kgrinstedfa@thetimes.co.uk,Male,2.240.215.46
552,Bryanty,Pancost,bpancostfb@home.pl,Male,10.211.152.48
553,Davidson,Harbottle,dharbottlefc@marketwatch.com,Male,221.208.51.189
554,Waldemar,Yglesias,wyglesiasfd@rediff.com,Male,139.142.37.23
555,Zara,Towl,ztowlfe@mozilla.com,Genderqueer,98.192.223.253
556,Patton,Gillmore,pgillmoreff@redcross.org,Male,254.229.107.146
557,Jarrod,Geke,jgekefg@tinypic.com,Male,64.141.173.66
558,Sonny,Greenroyd,sgreenroydfh@yellowbook.com,Male,52.114.14.54
559,Caryl,Donett,cdonettfi@uol.com.br,Female,248.192.53.111
560,Arin,Tomaello,atomaellofj@ezinearticles.com,Male,25.39.227.51
561,Raynor,Hackelton,rhackeltonfk@netscape.com,Male,243.0.188.79
562,Aveline,Degue,adeguefl@sphinn.com,Female,145.182.24.159
563,Giff,Liddington,gliddingtonfm@tinypic.com,Male,97.214.83.117
564,Willis,Veldman,wveldmanfn@wikispaces.com,Male,57.196.208.214
565,Saxon,Glavias,sglaviasfo@xrea.com,Male,199.1.237.94
566,Shaylah,Borthwick,sborthwickfp@shutterfly.com,Female,191.210.253.220
567,Wait,Oertzen,woertzenfq@chron.com,Male,125.123.93.189
568,Shawna,Blais,sblaisfr@foxnews.com,Female,10.19.222.207
569,Paco,Baxstair,pbaxstairfs@rakuten.co.jp,Male,179.223.171.148
570,Rudolfo,McGeagh,rmcgeaghft@dailymail.co.uk,Male,190.24.25.11
571,Chick,Lobley,clobleyfu@issuu.com,Male,23.218.96.9
572,Sherilyn,Caillou,scailloufv@mozilla.org,Female,162.1.221.89
573,Nevsa,Sheers,nsheersfw@ehow.com,Female,51.11.108.149
574,Belia,Yarrell,byarrellfx@dyndns.org,Female,21.162.150.253
575,Marci,Cantopher,mcantopherfy@goo.ne.jp,Female,171.188.181.221
576,Madeline,Bohje,mbohjefz@youku.com,Female,155.224.161.147
577,Rochella,Totterdill,rtotterdillg0@state.gov,Female,25.208.151.161
578,Charissa,Melmoth,cmelmothg1@typepad.com,Genderfluid,92.62.88.88
579,Adina,Jilkes,ajilkesg2@reuters.com,Female,161.121.51.151
580,Otho,Seebright,oseebrightg3@dell.com,Male,53.255.133.255
581,Mychal,Rivaland,mrivalandg4@mysql.com,Male,51.247.91.185
582,Robinson,Phebee,rphebeeg5@illinois.edu,Male,30.101.142.41
583,Huey,Howgate,hhowgateg6@infoseek.co.jp,Male,0.233.17.133
584,Delila,McLauchlin,dmclauchling7@mit.edu,Female,171.219.44.15
585,Jami,Stringfellow,jstringfellowg8@gov.uk,Genderfluid,188.182.96.155
586,Neala,Erricker,nerrickerg9@posterous.com,Female,192.96.111.122
587,Cos,Duffell,cduffellga@census.gov,Male,246.120.133.19
588,Fernando,Cathenod,fcathenodgb@huffingtonpost.com,Male,162.15.30.59
589,Zandra,Attwell,zattwellgc@meetup.com,Female,132.90.139.142
590,Evelina,Dungey,edungeygd@adobe.com,Female,103.12.114.134
591,Queenie,Gurling,qgurlingge@quantcast.com,Genderqueer,161.46.8.85
592,Latrena,Elbourn,lelbourngf@zimbio.com,Genderfluid,78.219.254.231
593,Marijn,Wickenden,mwickendengg@howstuffworks.com,Male,108.104.199.231
594,Karrie,Orsay,korsaygh@furl.net,Female,145.37.5.255
595,Betta,Ortmann,bortmanngi@csmonitor.com,Female,117.219.50.179
596,Leta,Kornousek,lkornousekgj@wufoo.com,Female,11.105.105.158
597,Klarrisa,Blagburn,kblagburngk@aol.com,Female,122.220.253.183
598,Jennette,Warrender,jwarrendergl@businessweek.com,Female,66.160.9.232
599,Eada,Ibeson,eibesongm@hexun.com,Female,171.41.205.48
600,Adriano,Lebrun,alebrungn@illinois.edu,Male,35.13.191.81
601,Evelina,Bertrand,ebertrandgo@webeden.co.uk,Female,234.114.17.122
602,Arlen,Chiles,achilesgp@omniture.com,Male,121.75.204.205
603,Carmela,Antonio,cantoniogq@yahoo.com,Female,174.192.128.184
604,Jocko,Bocken,jbockengr@mozilla.com,Male,111.36.150.171
605,Caria,Bowick,cbowickgs@chronoengine.com,Female,12.244.56.173
606,Moira,Goudman,mgoudmangt@yellowbook.com,Polygender,238.209.120.222
607,Rob,Beckwith,rbeckwithgu@elegantthemes.com,Male,205.204.117.85
608,Libbey,Kase,lkasegv@bizjournals.com,Female,233.202.177.119
609,Elyn,Summerskill,esummerskillgw@plala.or.jp,Female,125.151.17.80
610,Rayner,Ancketill,rancketillgx@nymag.com,Male,158.210.115.169
611,Terri,Jeens,tjeensgy@a8.net,Male,5.75.113.245
612,Ingeberg,Silk,isilkgz@jigsy.com,Female,27.136.119.64
613,Toiboid,Perigeaux,tperigeauxh0@delicious.com,Male,89.26.52.101
614,Bette,Greenside,bgreensideh1@harvard.edu,Female,172.19.218.211
615,Dominik,Roote,drooteh2@hubpages.com,Polygender,129.53.43.160
616,Ingeberg,Mockes,imockesh3@example.com,Female,191.118.62.170
617,Ogden,Peery,opeeryh4@washington.edu,Male,215.188.222.178
618,Isabel,Jurkiewicz,ijurkiewiczh5@plala.or.jp,Female,145.121.220.195
619,Aile,Klausewitz,aklausewitzh6@elpais.com,Female,90.134.208.104
620,Haroun,Grob,hgrobh7@yelp.com,Male,245.76.105.102
621,Bay,Hobbema,bhobbemah8@eepurl.com,Male,246.44.0.206
622,Nickolai,Lecky,nleckyh9@liveinternet.ru,Male,85.156.71.16
623,Westleigh,Chiddy,wchiddyha@naver.com,Male,230.215.172.54
624,Deane,Arrighetti,darrighettihb@tinypic.com,Female,193.119.164.214
625,Selby,Punter,spunterhc@trellian.com,Male,208.224.142.24
626,Meade,Gath,mgathhd@chicagotribune.com,Bigender,159.174.109.151
627,Adeline,Brine,abrinehe@indiatimes.com,Female,187.148.82.16
628,Ellwood,Ormrod,eormrodhf@harvard.edu,Male,12.251.14.124
629,Ardyth,Eatock,aeatockhg@bloomberg.com,Female,117.70.195.225
630,Jerry,Simnett,jsimnetthh@marketwatch.com,Non-binary,190.36.195.44
631,Perl,Triplow,ptriplowhi@goodreads.com,Female,153.41.210.157
632,Consuela,Murney,cmurneyhj@nymag.com,Female,102.221.196.229
633,Trina,Bewfield,tbewfieldhk@privacy.gov.au,Female,171.14.70.182
634,Bram,Duffill,bduffillhl@admin.ch,Male,75.238.221.241
635,Hasheem,Smittoune,hsmittounehm@mlb.com,Male,158.198.21.222
636,Aubert,Mardee,amardeehn@360.cn,Male,170.249.143.15
637,Drucill,Vassano,dvassanoho@live.com,Female,248.32.13.13
638,Linnie,Berzin,lberzinhp@jalbum.net,Female,45.116.44.177
639,Erv,Boyda,eboydahq@soundcloud.com,Male,67.229.162.82
640,Ailbert,Goodings,agoodingshr@unesco.org,Male,29.82.132.18
641,Danella,Andras,dandrashs@alexa.com,Female,114.169.6.43
642,Reinaldo,Nance,rnanceht@cbsnews.com,Male,61.170.254.130
643,Stephi,Reasun,sreasunhu@hugedomains.com,Female,11.214.28.59
644,Noreen,Zannotelli,nzannotellihv@51.la,Female,62.104.68.123
645,Rickey,Boner,rbonerhw@yellowbook.com,Male,186.197.121.28
646,Denny,Jean,djeanhx@mayoclinic.com,Male,195.79.104.177
647,Joan,Falconer-Taylor,jfalconertaylorhy@bluehost.com,Female,4.189.236.114
648,Archambault,Yeiles,ayeileshz@rakuten.co.jp,Male,105.215.204.209
649,Arlinda,Goutcher,agoutcheri0@instagram.com,Female,2.3.103.128
650,Lefty,Spackman,lspackmani1@is.gd,Genderqueer,85.135.12.113
651,Shandie,Farmer,sfarmeri2@addthis.com,Female,109.100.88.117
652,Lawton,Bringloe,lbringloei3@flavors.me,Male,187.194.129.185
653,Verna,Naden,vnadeni4@facebook.com,Female,199.48.3.209
654,Moll,Crotty,mcrottyi5@ifeng.com,Female,120.39.16.41
655,Flossi,Daunay,fdaunayi6@shinystat.com,Female,93.208.75.176
656,Karlyn,Pindred,kpindredi7@redcross.org,Genderqueer,86.189.64.95
657,Sisely,Warkup,swarkupi8@geocities.jp,Genderfluid,70.41.49.249
658,Dina,Davey,ddaveyi9@aol.com,Bigender,127.229.22.30
659,Jory,Mitkin,jmitkinia@cam.ac.uk,Male,167.233.205.97
660,Olive,Ivanyukov,oivanyukovib@bloomberg.com,Female,103.95.197.75
661,Philippa,Surtees,psurteesic@samsung.com,Female,140.200.52.187
662,Kakalina,Innerstone,kinnerstoneid@vimeo.com,Female,182.90.129.135
663,Dilan,Shreenan,dshreenanie@narod.ru,Non-binary,78.218.246.50
664,Brenden,Rawdales,brawdalesif@dailymotion.com,Male,54.174.23.131
665,Thedrick,Greim,tgreimig@cdc.gov,Male,114.122.122.35
666,Prudence,Rubartelli,prubartelliih@parallels.com,Female,174.162.88.229
667,Elane,Cornell,ecornellii@histats.com,Female,53.107.46.219
668,Ennis,Fishbourn,efishbournij@cam.ac.uk,Male,239.102.14.144
669,Mariya,Grishin,mgrishinik@zimbio.com,Female,58.193.9.238
670,Georas,Casotti,gcasottiil@angelfire.com,Male,247.66.147.141
671,Raimund,Gannaway,rgannawayim@columbia.edu,Male,11.85.4.171
672,Frannie,McKane,fmckanein@com.com,Male,59.134.138.99
673,Johanna,Kavanagh,jkavanaghio@oracle.com,Female,90.14.61.72
674,Eldin,MacAlroy,emacalroyip@meetup.com,Male,124.164.212.236
675,Sallyann,Playfair,splayfairiq@stanford.edu,Female,54.87.115.56
676,Brian,Prin,bprinir@parallels.com,Male,227.100.139.135
677,Teddy,Canto,tcantois@dmoz.org,Male,165.94.184.212
678,Shandee,Lyte,slyteit@joomla.org,Female,184.255.112.68
679,Jackie,Meharry,jmeharryiu@usda.gov,Female,134.65.20.33
680,Carilyn,Whistan,cwhistaniv@parallels.com,Female,48.242.138.229
681,Elaine,De Dantesie,ededantesieiw@usatoday.com,Female,62.47.157.122
682,Sherline,Staves,sstavesix@scientificamerican.com,Female,166.202.34.35
683,Berkeley,Dogerty,bdogertyiy@smugmug.com,Male,121.202.59.159
684,Selig,Edgehill,sedgehilliz@thetimes.co.uk,Male,79.103.56.245
685,Trstram,Scotland,tscotlandj0@mapy.cz,Male,255.51.177.140
686,Hildagard,Stadding,hstaddingj1@jalbum.net,Female,58.165.117.186
687,Rudiger,Bramall,rbramallj2@tinyurl.com,Male,100.132.113.2
688,Florina,Moylan,fmoylanj3@sbwire.com,Female,65.62.134.9
689,Celestyn,Calan,ccalanj4@parallels.com,Female,153.149.30.103
690,Uriel,Godfroy,ugodfroyj5@lulu.com,Male,67.163.195.61
691,Zach,De Freyne,zdefreynej6@parallels.com,Male,97.66.47.8
692,Desi,McGeaney,dmcgeaneyj7@cbslocal.com,Male,10.226.55.253
693,Adriano,Bourhill,abourhillj8@list-manage.com,Male,138.227.162.122
694,Eward,Enterlein,eenterleinj9@patch.com,Non-binary,0.54.234.199
695,Kristel,Shipperbottom,kshipperbottomja@ed.gov,Female,175.99.235.207
696,Tally,De Cruze,tdecruzejb@last.fm,Female,34.161.96.143
697,Agnes,Carabet,acarabetjc@xing.com,Non-binary,105.205.236.112
698,Alistair,Tams,atamsjd@go.com,Male,216.118.232.123
699,Rem,Kelcey,rkelceyje@nih.gov,Male,194.180.54.212
700,Nariko,Paradine,nparadinejf@cornell.edu,Female,23.244.136.101
701,Kathy,Whorf,kwhorfjg@blogger.com,Female,222.45.171.73
702,Haven,Houston,hhoustonjh@indiegogo.com,Male,36.89.25.20
703,Pen,Bridewell,pbridewellji@bigcartel.com,Male,165.32.100.63
704,Flem,Decreuze,fdecreuzejj@acquirethisname.com,Male,199.205.206.66
705,Sara-ann,Louth,slouthjk@bbb.org,Female,186.51.1.220
706,Nealon,Utterson,nuttersonjl@oakley.com,Male,180.41.147.142
707,Carver,Kenn,ckennjm@buzzfeed.com,Male,163.225.15.59
708,Jordain,Nuccitelli,jnuccitellijn@cisco.com,Female,86.174.39.8
709,Granger,Crab,gcrabjo@hugedomains.com,Male,44.247.52.89
710,Paulina,Urrey,purreyjp@nsw.gov.au,Female,162.222.41.75
711,Ofelia,Meneely,omeneelyjq@washingtonpost.com,Female,154.60.194.12
712,Gwynne,Jedraszek,gjedraszekjr@1und1.de,Female,165.107.190.28
713,Antoinette,Van Der Walt,avanderwaltjs@amazonaws.com,Female,57.54.4.143
714,Tim,Adnams,tadnamsjt@mapquest.com,Male,229.1.14.252
715,Julina,Warrender,jwarrenderju@google.es,Female,21.160.255.118
716,Sammy,Anfossi,sanfossijv@flickr.com,Male,103.118.88.97
717,Libby,Grigolashvill,lgrigolashvilljw@vimeo.com,Bigender,129.233.186.43
718,Blane,Madsen,bmadsenjx@intel.com,Male,175.29.11.118
719,Hendrick,Dell 'Orto,hdellortojy@twitter.com,Male,17.1.62.5
720,Noellyn,Barrell,nbarrelljz@goodreads.com,Female,80.26.41.79
721,Wolfie,Strelitz,wstrelitzk0@prnewswire.com,Male,3.234.105.117
722,Port,Coopman,pcoopmank1@census.gov,Male,115.237.1.138
723,Ethan,Bines,ebinesk2@goodreads.com,Male,163.93.250.43
724,Aluino,Tayspell,atayspellk3@smh.com.au,Male,203.134.168.142
725,Arne,Pietsma,apietsmak4@ted.com,Male,46.93.226.228
726,Jozef,Rene,jrenek5@diigo.com,Male,122.0.154.252
727,Quintilla,Calender,qcalenderk6@cocolog-nifty.com,Female,47.50.78.7
728,Tom,Kyneton,tkynetonk7@theguardian.com,Male,98.144.28.66
729,Mile,McLemon,mmclemonk8@cdc.gov,Non-binary,87.150.183.233
730,Candida,Goligly,cgoliglyk9@comsenz.com,Female,226.44.109.3
731,Ailsun,Fitchet,afitchetka@mozilla.org,Female,186.182.153.207
732,L;urette,Sartin,lsartinkb@economist.com,Female,192.202.71.135
733,Sly,Stollmeier,sstollmeierkc@businesswire.com,Male,126.218.102.122
734,Rodd,Ludee,rludeekd@godaddy.com,Male,137.46.5.15
735,Elyn,Norrington,enorringtonke@biglobe.ne.jp,Female,113.196.187.27
736,Erick,Gainsford,egainsfordkf@ca.gov,Male,240.82.205.220
737,Odette,Glassup,oglassupkg@github.io,Female,186.191.139.51
738,Osborne,Tafani,otafanikh@nps.gov,Male,176.162.239.37
739,Giralda,Tigwell,gtigwellki@reddit.com,Female,76.99.212.86
740,Henrik,Rentoul,hrentoulkj@narod.ru,Male,164.102.57.30
741,Berke,Loosely,blooselykk@i2i.jp,Male,78.196.219.115
742,Jard,Morriss,jmorrisskl@bravesites.com,Male,194.9.223.176
743,Witty,Jesteco,wjestecokm@elegantthemes.com,Male,44.254.16.150
744,Damian,Gonsalo,dgonsalokn@unicef.org,Male,239.133.189.33
745,Dexter,Radwell,dradwellko@bandcamp.com,Male,110.253.142.97
746,Lucita,Creboe,lcreboekp@ning.com,Female,161.138.118.167
747,Reuben,Rubica,rrubicakq@businessinsider.com,Male,140.89.167.153
748,Blake,Hanbridge,bhanbridgekr@github.com,Non-binary,149.4.21.103
749,Willy,Lindley,wlindleyks@fotki.com,Male,215.105.125.247
750,Aguie,Casel,acaselkt@taobao.com,Male,44.7.96.149
751,Judie,Ausello,jauselloku@loc.gov,Female,146.197.148.135
752,Betsey,Corless,bcorlesskv@wisc.edu,Female,209.237.208.208
753,Dwight,Leadbeater,dleadbeaterkw@bizjournals.com,Male,208.244.96.195
754,Wilek,Byfield,wbyfieldkx@marriott.com,Male,179.188.181.188
755,Jarrett,O'Heffernan,joheffernanky@berkeley.edu,Male,110.247.162.55
756,Germain,Gouldie,ggouldiekz@free.fr,Male,141.155.37.177
757,Con,Stille,cstillel0@bloglovin.com,Male,0.174.47.218
758,Arnoldo,Chaffe,achaffel1@microsoft.com,Male,196.233.225.5
759,Chicky,Goodbarne,cgoodbarnel2@google.com,Female,38.203.32.70
760,Octavia,Hegg,oheggl3@hexun.com,Female,55.254.130.110
761,Thea,Groom,tgrooml4@fc2.com,Female,198.128.255.159
762,Loreen,Rubel,lrubell5@over-blog.com,Female,155.166.41.36
763,Jozef,McLenahan,jmclenahanl6@google.es,Male,212.141.205.214
764,Feliks,Bollam,fbollaml7@i2i.jp,Male,182.16.103.158
765,Terencio,Annear,tannearl8@51.la,Male,120.4.68.218
766,Alford,Claige,aclaigel9@soundcloud.com,Male,118.27.83.148
767,Bent,McManamon,bmcmanamonla@amazon.com,Polygender,94.142.111.188
768,Cynthea,Damiral,cdamirallb@360.cn,Female,131.5.169.151
769,Tristam,Basant,tbasantlc@stumbleupon.com,Male,147.129.75.215
770,Karilynn,Timberlake,ktimberlakeld@netvibes.com,Female,169.103.251.186
771,Mildred,Polkinghorne,mpolkinghornele@independent.co.uk,Female,89.181.121.10
772,Hillyer,Duffitt,hduffittlf@google.pl,Male,84.203.111.4
773,Jayne,Heaker,jheakerlg@moonfruit.com,Female,231.186.171.143
774,Rourke,Pettinger,rpettingerlh@java.com,Male,193.137.121.208
775,Sylvia,Mathes,smathesli@meetup.com,Female,169.181.93.237
776,Nicky,Lapere,nlaperelj@studiopress.com,Female,11.168.108.242
777,Alexandre,Infante,ainfantelk@about.com,Male,150.163.58.216
778,Elie,Greetland,egreetlandll@independent.co.uk,Female,253.137.27.21
779,Pepita,Ashmore,pashmorelm@jugem.jp,Female,161.36.233.85
780,Winnah,Kabos,wkabosln@who.int,Female,59.108.62.219
781,Drugi,Corfield,dcorfieldlo@etsy.com,Male,110.240.231.220
782,Estevan,Gaughan,egaughanlp@posterous.com,Bigender,99.107.101.189
783,Loni,Bramford,lbramfordlq@bbc.co.uk,Female,33.254.159.135
784,Kele,MacDougall,kmacdougalllr@blogtalkradio.com,Male,44.42.42.60
785,Garland,Botting,gbottingls@1688.com,Female,31.176.121.78
786,Alverta,Troy,atroylt@privacy.gov.au,Female,56.188.52.134
787,Lynna,Duferie,lduferielu@dot.gov,Genderqueer,47.127.106.130
788,Nolie,Tetford,ntetfordlv@stumbleupon.com,Female,2.35.134.132
789,Tuckie,Yeates,tyeateslw@etsy.com,Male,177.86.170.18
790,Lyndel,Escreet,lescreetlx@drupal.org,Female,186.42.169.145
791,York,Hovington,yhovingtonly@amazon.co.jp,Male,222.137.234.88
792,Lilas,Scuse,lscuselz@webnode.com,Female,46.230.149.71
793,Gerry,Andrieux,gandrieuxm0@artisteer.com,Female,15.90.34.147
794,Gal,Greetland,ggreetlandm1@stanford.edu,Male,195.214.23.208
795,Alfredo,Meriott,ameriottm2@mac.com,Male,236.141.56.16
796,Holmes,Aldcorn,haldcornm3@fotki.com,Bigender,152.255.170.17
797,Vassili,Elliss,vellissm4@patch.com,Male,165.76.63.1
798,Bella,Abramski,babramskim5@github.io,Female,122.125.21.86
799,Ricki,Maletratt,rmaletrattm6@geocities.jp,Male,216.106.52.136
800,Bradford,Jewer,bjewerm7@spotify.com,Male,187.147.74.129
801,Archer,Sallenger,asallengerm8@abc.net.au,Male,5.14.25.27
802,Parrnell,Barden,pbardenm9@spotify.com,Male,231.14.164.251
803,Tabitha,Camamile,tcamamilema@google.com.au,Female,116.6.153.12
804,Duffy,McCluney,dmccluneymb@tiny.cc,Male,236.212.196.191
805,Ravi,Biggadyke,rbiggadykemc@springer.com,Male,223.160.1.219
806,Sayer,Castelyn,scastelynmd@virginia.edu,Male,193.28.60.96
807,Inglebert,Philimore,iphilimoreme@dailymotion.com,Male,169.159.81.204
808,Kerby,Carverhill,kcarverhillmf@tinypic.com,Male,8.180.240.229
809,Jerrie,Conkey,jconkeymg@unicef.org,Male,135.99.174.163
810,Anet,Beeke,abeekemh@census.gov,Female,204.74.117.192
811,Judah,Breinl,jbreinlmi@smugmug.com,Male,113.89.95.235
812,Ive,Dubber,idubbermj@youku.com,Polygender,97.2.87.225
813,Catrina,Uttridge,cuttridgemk@fda.gov,Female,33.84.73.100
814,Elvis,Laborde,elabordeml@fastcompany.com,Male,1.124.86.54
815,Lissy,Schirach,lschirachmm@so-net.ne.jp,Female,31.63.45.124
816,Elspeth,Keable,ekeablemn@freewebs.com,Bigender,23.85.186.28
817,Dex,Ruslin,druslinmo@google.com.br,Male,86.209.148.253
818,Emalee,Dekeyser,edekeysermp@vimeo.com,Genderfluid,68.226.46.150
819,Diandra,Gosnoll,dgosnollmq@feedburner.com,Female,32.172.15.235
820,Bo,Drewry,bdrewrymr@ted.com,Male,154.29.6.173
821,Norry,Bundy,nbundyms@auda.org.au,Male,25.52.88.245
822,Olympe,Bracey,obraceymt@youtu.be,Female,61.118.105.50
823,Shayna,Marchelli,smarchellimu@vistaprint.com,Female,28.112.41.238
824,Rosemarie,Cooksley,rcooksleymv@altervista.org,Female,46.229.87.120
825,Lucinda,Severn,lsevernmw@blog.com,Female,2.242.204.209
826,Ky,Chessman,kchessmanmx@arstechnica.com,Male,199.12.144.227
827,Glyn,Garrish,ggarrishmy@dedecms.com,Female,182.158.204.141
828,Gannon,Frift,gfriftmz@spotify.com,Male,189.45.104.67
829,Alicea,Dysert,adysertn0@state.tx.us,Female,251.66.229.247
830,Alexio,Brazer,abrazern1@sourceforge.net,Male,103.158.27.24
831,Maury,Blackney,mblackneyn2@abc.net.au,Male,224.147.157.140
832,Gwenore,Thick,gthickn3@usa.gov,Female,16.56.238.90
833,Kylie,Doige,kdoigen4@prnewswire.com,Bigender,4.108.230.157
834,Dario,Beade,dbeaden5@go.com,Male,194.212.74.32
835,Rodge,Garfield,rgarfieldn6@csmonitor.com,Male,201.98.191.3
836,Bradan,Blacklidge,bblacklidgen7@bizjournals.com,Male,200.205.3.238
837,Archibold,Kryszka,akryszkan8@scientificamerican.com,Male,39.53.131.136
838,Jeremy,Paskin,jpaskinn9@weibo.com,Male,35.127.221.100
839,Jeddy,Wigan,jwiganna@webs.com,Male,206.13.125.189
840,Bibbye,Jewers,bjewersnb@yelp.com,Agender,92.184.49.181
841,Gerhard,Shadrack,gshadracknc@biblegateway.com,Male,96.102.72.151
842,Radcliffe,Woodstock,rwoodstocknd@slashdot.org,Male,152.235.186.37
843,Tess,World,tworldne@fastcompany.com,Female,222.240.247.27
844,Orelle,Merrgan,omerrgannf@1688.com,Female,136.69.124.48
845,Denice,Laughlan,dlaughlanng@baidu.com,Female,248.90.113.179
846,Wake,Foystone,wfoystonenh@army.mil,Male,175.25.131.186
847,Phebe,MacGill,pmacgillni@t-online.de,Female,143.84.229.137
848,Ali,Giannini,agiannininj@google.co.uk,Male,123.207.83.11
849,Marika,Bunston,mbunstonnk@theatlantic.com,Female,160.88.157.70
850,Stanfield,Pendrick,spendricknl@trellian.com,Male,174.4.123.172
851,Zedekiah,O'Reagan,zoreagannm@japanpost.jp,Male,121.60.114.110
852,Jena,Goodson,jgoodsonnn@pinterest.com,Female,225.188.95.116
853,Elsa,Hirjak,ehirjakno@example.com,Female,116.93.22.134
854,Alexandro,Heliet,ahelietnp@auda.org.au,Male,127.3.170.53
855,Gae,Hiorn,ghiornnq@google.fr,Female,233.65.58.61
856,Sioux,Coull,scoullnr@booking.com,Female,116.63.208.147
857,Gretchen,Keyzor,gkeyzorns@last.fm,Female,22.238.74.96
858,Gualterio,Ivimey,givimeynt@reference.com,Male,112.140.62.35
859,Daria,Lloyd,dlloydnu@360.cn,Female,116.98.18.252
860,Gus,Vanyukov,gvanyukovnv@omniture.com,Female,240.203.98.111
861,Sara,O'Conor,soconornw@wp.com,Female,14.211.120.148
862,Douglass,Follit,dfollitnx@cornell.edu,Male,225.74.71.8
863,Mariquilla,Jills,mjillsny@opera.com,Female,90.183.245.10
864,Anthiathia,Stump,astumpnz@wordpress.com,Female,230.105.201.109
865,Lavena,Cottingham,lcottinghamo0@tmall.com,Female,121.39.50.117
866,Sybille,Galland,sgallando1@technorati.com,Female,92.145.134.85
867,Cornie,Clemenzo,cclemenzoo2@ask.com,Female,119.100.215.112
868,Ingeborg,Bullene,ibulleneo3@google.com.hk,Female,72.34.147.65
869,Agathe,Fuke,afukeo4@dagondesign.com,Genderqueer,132.235.77.161
870,Atalanta,Fairhead,afairheado5@ebay.co.uk,Female,19.107.207.224
871,Electra,Skinner,eskinnero6@nasa.gov,Female,9.227.200.101
872,Joshia,McOrkil,jmcorkilo7@1688.com,Male,147.181.118.104
873,Ramsay,Coldbathe,rcoldbatheo8@columbia.edu,Male,206.157.139.183
874,Josh,Klugel,jklugelo9@ted.com,Male,154.123.253.115
875,Luciana,Gridley,lgridleyoa@redcross.org,Female,130.215.205.48
876,Miguelita,Hickenbottom,mhickenbottomob@geocities.jp,Female,65.220.130.93
877,Wolf,Harvie,wharvieoc@nymag.com,Male,8.186.155.125
878,Beauregard,Gowanlock,bgowanlockod@examiner.com,Male,120.73.69.61
879,Griswold,Kilcullen,gkilcullenoe@state.gov,Male,122.239.59.216
880,Happy,Prevost,hprevostof@wikia.com,Female,116.65.90.110
881,Francyne,Nichol,fnicholog@hp.com,Female,33.251.201.17
882,Russ,Assad,rassadoh@taobao.com,Agender,233.56.47.196
883,Cherice,Sambrook,csambrookoi@paginegialle.it,Female,243.71.175.112
884,Bryn,Harsant,bharsantoj@scribd.com,Male,43.65.166.170
885,Bryan,Lemoir,blemoirok@cisco.com,Male,105.117.144.232
886,Grantley,Synnot,gsynnotol@ocn.ne.jp,Male,56.121.75.177
887,Mariam,Bondesen,mbondesenom@instagram.com,Female,247.79.226.246
888,Serge,Burgher,sburgheron@cnn.com,Male,254.167.185.23
889,Sergent,Pybus,spybusoo@posterous.com,Male,108.89.191.53
890,Celestyn,Tinson,ctinsonop@google.nl,Female,7.151.151.105
891,Barbi,Strothers,bstrothersoq@t-online.de,Female,44.3.147.187
892,Lynnea,Baudoux,lbaudouxor@nyu.edu,Female,83.138.177.233
893,Lavinia,Ingyon,lingyonos@reddit.com,Female,149.246.114.115
894,Tallou,Belton,tbeltonot@odnoklassniki.ru,Female,188.149.51.63
895,Cyrille,Biskupiak,cbiskupiakou@stanford.edu,Male,250.246.43.160
896,Leslie,Stainburn,lstainburnov@webmd.com,Male,230.76.97.139
897,Brunhilde,Joliffe,bjoliffeow@exblog.jp,Female,114.149.194.8
898,Doreen,Lippo,dlippoox@slideshare.net,Genderqueer,14.39.178.96
899,Rivkah,Quennell,rquennelloy@blog.com,Female,115.166.144.85
900,Hilly,Shortall,hshortalloz@yahoo.com,Male,184.42.218.235
901,Koo,Simkins,ksimkinsp0@cdc.gov,Female,132.227.69.192
902,Rodney,Gregolotti,rgregolottip1@imdb.com,Male,157.245.140.234
903,Cortney,Van Der Weedenburg,cvanderweedenburgp2@admin.ch,Female,12.119.111.206
904,Sollie,Dobbing,sdobbingp3@sohu.com,Male,223.191.215.122
905,Augustus,Simonini,asimoninip4@desdev.cn,Male,36.177.139.149
906,Kristoforo,Archbold,karchboldp5@webnode.com,Male,92.112.134.72
907,Etienne,Antoszczyk,eantoszczykp6@facebook.com,Male,44.160.242.194
908,Gardner,Fligg,gfliggp7@surveymonkey.com,Bigender,69.20.178.211
909,Leah,Alleburton,lalleburtonp8@delicious.com,Female,236.239.255.252
910,Jedd,Maundrell,jmaundrellp9@va.gov,Male,3.98.145.244
911,Kaile,Seleway,kselewaypa@google.pl,Female,60.26.235.128
912,Antonietta,Habbal,ahabbalpb@usda.gov,Female,224.11.226.3
913,Cristabel,Nugent,cnugentpc@loc.gov,Non-binary,166.131.225.157
914,Susan,Quiney,squineypd@sphinn.com,Female,194.99.128.93
915,Mathew,Heintsch,mheintschpe@miitbeian.gov.cn,Male,152.51.195.36
916,Arnuad,Tyre,atyrepf@statcounter.com,Male,223.143.30.63
917,Gilberta,Loines,gloinespg@4shared.com,Female,230.122.37.106
918,Sibella,MacMenemy,smacmenemyph@blogger.com,Female,94.48.44.52
919,Rad,Bucke,rbuckepi@infoseek.co.jp,Bigender,105.255.2.57
920,Jodi,Hethron,jhethronpj@etsy.com,Male,154.36.160.93
921,Lorrayne,Rieger,lriegerpk@paypal.com,Female,49.52.139.229
922,Obadiah,Tunsley,otunsleypl@ehow.com,Male,156.146.202.149
923,Libbi,Andretti,landrettipm@prnewswire.com,Female,58.140.85.141
924,Stepha,Pencot,spencotpn@discuz.net,Female,42.101.161.54
925,Mandi,Leather,mleatherpo@scribd.com,Female,76.33.195.160
926,Gabe,Calterone,gcalteronepp@example.com,Male,50.138.121.73
927,Indira,O'Deoran,iodeoranpq@craigslist.org,Female,59.121.193.29
928,Coraline,McElane,cmcelanepr@tamu.edu,Female,102.40.91.232
929,Lonna,Tomich,ltomichps@pagesperso-orange.fr,Polygender,184.119.33.157
930,Boris,Mc Menamin,bmcmenaminpt@studiopress.com,Male,143.42.116.76
931,Chance,Mochar,cmocharpu@imgur.com,Male,243.245.61.165
932,Gwyn,Cardwell,gcardwellpv@icq.com,Female,197.246.210.38
933,Whitaker,Wickins,wwickinspw@technorati.com,Male,18.193.189.53
934,Aube,Clitheroe,aclitheroepx@gov.uk,Male,215.235.116.180
935,Darren,Heathfield,dheathfieldpy@hubpages.com,Male,151.62.209.238
936,Dale,Assante,dassantepz@webnode.com,Male,78.33.30.66
937,Jojo,Faughny,jfaughnyq0@buzzfeed.com,Female,58.139.202.164
938,Currey,Sevior,cseviorq1@berkeley.edu,Male,78.87.28.209
939,Linc,Halfhead,lhalfheadq2@indiegogo.com,Male,12.24.39.42
940,Nadine,Vannet,nvannetq3@ezinearticles.com,Female,140.232.86.58
941,Marietta,Beagen,mbeagenq4@chicagotribune.com,Female,175.233.112.236
942,Colver,Ariss,carissq5@java.com,Male,218.250.14.28
943,Culver,Fullun,cfullunq6@typepad.com,Male,238.241.76.154
944,Darline,Hadgkiss,dhadgkissq7@mashable.com,Female,101.223.91.108
945,Evangeline,Ovenden,eovendenq8@icq.com,Female,253.183.40.42
946,Danyelle,Colbourne,dcolbourneq9@discuz.net,Female,194.46.251.13
947,Rafaello,Sahlstrom,rsahlstromqa@loc.gov,Male,38.28.42.235
948,Auberon,Williscroft,awilliscroftqb@wp.com,Male,17.38.119.7
949,Abran,Dewar,adewarqc@sogou.com,Genderqueer,166.224.151.203
950,Irma,Mariyushkin,imariyushkinqd@topsy.com,Female,181.233.55.208
951,Magdalene,Lunny,mlunnyqe@businessinsider.com,Female,234.251.221.52
952,Cindy,Blackleech,cblackleechqf@cargocollective.com,Female,222.234.51.115
953,Rainer,Portingale,rportingaleqg@elegantthemes.com,Male,55.141.242.194
954,Cole,Tabram,ctabramqh@home.pl,Male,1.46.2.249
955,Constantin,Corbishley,ccorbishleyqi@statcounter.com,Male,227.188.129.148
956,Honor,Geeraert,hgeeraertqj@bbb.org,Female,210.77.232.153
957,Franklyn,Gregoli,fgregoliqk@toplist.cz,Male,209.176.186.55
958,Spencer,McBratney,smcbratneyql@timesonline.co.uk,Male,23.97.1.97
959,Court,Keynes,ckeynesqm@senate.gov,Male,225.214.18.7
960,Kevin,Blainey,kblaineyqn@loc.gov,Male,196.98.75.35
961,Gustavo,Greening,ggreeningqo@uol.com.br,Male,42.223.184.112
962,Beck,Olechnowicz,bolechnowiczqp@msn.com,Male,103.24.84.0
963,Rivkah,Oldland,roldlandqq@opensource.org,Female,45.199.137.221
964,Yvon,Dottrell,ydottrellqr@google.com.br,Male,95.20.173.41
965,Nicolais,Pray,nprayqs@meetup.com,Male,116.176.1.121
966,Christoforo,Nassy,cnassyqt@taobao.com,Male,114.125.52.200
967,Pattin,Cocozza,pcocozzaqu@whitehouse.gov,Male,105.231.12.119
968,Josie,Adlard,jadlardqv@vinaora.com,Female,125.50.162.106
969,Henrie,D'Souza,hdsouzaqw@flavors.me,Bigender,97.133.253.160
970,Ulberto,Bromell,ubromellqx@lycos.com,Male,183.246.178.133
971,Kamilah,Stoodale,kstoodaleqy@usnews.com,Female,76.124.223.150
972,Domeniga,Blabey,dblabeyqz@goo.ne.jp,Female,169.229.178.122
973,Agosto,Martschke,amartschker0@skyrock.com,Male,75.249.1.47
974,Garner,Presswell,gpresswellr1@ycombinator.com,Genderfluid,163.89.54.132
975,Winny,Stelfax,wstelfaxr2@github.io,Male,47.193.208.66
976,Tymon,Hamberston,thamberstonr3@sfgate.com,Male,193.75.147.82
977,Karim,Jelly,kjellyr4@loc.gov,Male,44.58.238.246
978,Suzie,Fountain,sfountainr5@answers.com,Female,245.152.97.83
979,Lock,Coad,lcoadr6@gravatar.com,Male,99.141.24.122
980,Andros,Mapledorum,amapledorumr7@netlog.com,Male,28.147.178.16
981,Erminia,Jeffes,ejeffesr8@unesco.org,Genderfluid,196.75.125.223
982,Giacopo,Guilder,gguilderr9@mayoclinic.com,Male,54.33.146.216
983,Bealle,Managh,bmanaghra@reddit.com,Male,117.136.192.219
984,Elinor,Vail,evailrb@accuweather.com,Female,69.137.213.111
985,Leroi,Leyson,lleysonrc@wiley.com,Male,16.238.162.195
986,Mychal,Huggard,mhuggardrd@jiathis.com,Male,198.50.217.121
987,Glen,Nutter,gnutterre@ehow.com,Male,126.208.98.238
988,Dasie,Roubay,droubayrf@si.edu,Female,202.47.87.133
989,Jaquelyn,Gornal,jgornalrg@wisc.edu,Female,178.4.231.190
990,Spencer,Petriello,spetriellorh@opera.com,Male,230.253.144.203
991,Mame,Revington,mrevingtonri@theatlantic.com,Female,104.99.227.228
992,Andrej,Caze,acazerj@t.co,Male,135.130.109.83
993,Rudd,Rozenzweig,rrozenzweigrk@last.fm,Polygender,124.50.40.133
994,Drona,Rosenshine,drosenshinerl@house.gov,Female,6.199.222.134
995,Hatty,Rhodef,hrhodefrm@aol.com,Female,193.61.102.52
996,Ahmed,Bentsen,abentsenrn@usda.gov,Male,23.131.40.62
997,Billy,Quick,bquickro@purevolume.com,Female,55.63.7.155
998,Arleen,Bather,abatherrp@a8.net,Female,25.238.59.70
999,Dael,Dawidowsky,ddawidowskyrq@virginia.edu,Male,155.0.4.49
1000,Billie,Camfield,bcamfieldrr@webeden.co.uk,Male,50.120.156.145
